{
	"format_version": "1.8.0",
	"animations": {
		"item.use": {
			"animation_length": 4,
			"bones": {
				"rrukaup": {
					"rotation": {
						"0.0": {
							"vector": [0, 0, 0]
						},
						"0.5": {
							"vector": [-20, 0, 0]
						},
						"0.75": {
							"vector": [-69.71644, -9.39129, -3.45118]
						},
						"2.25": {
							"vector": [-69.71644, -9.39129, -3.45118]
						},
						"2.5": {
							"vector": [-20, 0, 0]
						},
						"3.0": {
							"vector": [0, 0, 0]
						}
					}
				},
				"blant": {
					"rotation": {
						"0.0": {
							"vector": [0, 0, 0]
						},
						"0.25": {
							"vector": [-50, 0, 0]
						},
						"0.5": {
							"vector": [-82.02468, 19.82169, 2.71994]
						},
						"0.75": {
							"vector": [-90.56425, 21.29884, -21.28182]
						},
						"1.0": {
							"vector": [-90.5288, -6.19996, -21.01975]
						},
						"2.0": {
							"vector": [-90.5288, -6.19996, -21.01975]
						},
						"2.25": {
							"vector": [-90.56425, 21.29884, -21.28182]
						},
						"2.5": {
							"vector": [-82.02468, 19.82169, 2.71994]
						},
						"2.75": {
							"vector": [-50, 0, 0]
						},
						"3.0": {
							"vector": [0, 0, 0]
						}
					},
					"position": {
						"0.0": {
							"vector": [0, 0, 0]
						},
						"0.25": {
							"vector": [0, 0, -1]
						},
						"0.5": {
							"vector": [2.5, -0.5, -2.25]
						},
						"0.75": {
							"vector": [9, 3.5, -3]
						},
						"1.0": {
							"vector": [6.75, 4.5, -0.5]
						},
						"2.0": {
							"vector": [6.75, 4.5, -0.5]
						},
						"2.25": {
							"vector": [9, 3.5, -3]
						},
						"2.5": {
							"vector": [2.5, -0.5, -2.25]
						},
						"2.75": {
							"vector": [0, 0, -1]
						},
						"3.0": {
							"vector": [0, 0, 0]
						}
					}
				},
				"golova": {
					"rotation": {
						"2.0417": {
							"vector": [0, 0, 0]
						},
						"2.5": {
							"vector": [-22.5, 0, 0]
						},
						"3.0": {
							"vector": [-22.5, 0, 0]
						},
						"3.4167": {
							"vector": [0, 0, 0]
						}
					}
				},
				"rrukadown": {
					"rotation": {
						"0.0": {
							"vector": [0, 0, 0]
						},
						"0.25": {
							"vector": [-50, 0, 0]
						},
						"0.5": {
							"vector": [-75, 0, 0]
						},
						"0.75": {
							"vector": [-63.49475, -54.55312, -22.11016]
						},
						"1.0": {
							"vector": [-55.44581, -72.03614, -55.73437]
						},
						"2.0": {
							"vector": [-55.44581, -72.03614, -55.73437]
						},
						"2.25": {
							"vector": [-63.49475, -54.55312, -22.11016]
						},
						"2.5": {
							"vector": [-75, 0, 0]
						},
						"2.75": {
							"vector": [-50, 0, 0]
						},
						"3.0": {
							"vector": [0, 0, 0]
						}
					},
					"position": {
						"0.0": {
							"vector": [0, 0, 0]
						},
						"0.25": {
							"vector": [-0.17, -0.08, -0.25]
						},
						"0.5": {
							"vector": [-0.33, -0.04, -0.37]
						},
						"0.75": {
							"vector": [-0.5, 3.5, -4.5]
						},
						"2.25": {
							"vector": [-0.5, 3.5, -4.5]
						},
						"2.5": {
							"vector": [-0.33, -0.04, -0.37]
						},
						"2.75": {
							"vector": [-0.17, -0.08, -0.25]
						},
						"3.0": {
							"vector": [0, 0, 0]
						}
					}
				},
				"smoke": {
					"position": {
						"0.0": {
							"vector": [-2, 16, 1]
						},
						"2.3333": {
							"vector": [-2, 16, 1]
						},
						"2.5": {
							"vector": [-2.5, 18.5, -0.25]
						},
						"3.9167": {
							"vector": [-2.5, 33, -0.25]
						}
					},
					"scale": {
						"0.0": {
							"vector": [0, 0, 0]
						},
						"2.3333": {
							"vector": [0, 0, 0]
						},
						"2.4583": {
							"vector": [1, 1, 1]
						}
					}
				},
				"bone": {
					"rotation": {
						"vector": [-337.5, -6.2, -21.0197]
					},
					"position": {
						"0.0": {
							"vector": [0, 0, 0]
						},
						"1.0": {
							"vector": [1, 8, -2]
						}
					},
					"scale": {
						"1.0": {
							"vector": [0, 0, 0]
						},
						"1.875": {
							"vector": [0.3, 0.3, 0.3]
						},
						"2.0": {
							"vector": [0, 0, 0]
						}
					}
				}
			}
		}
	},
	"geckolib_format_version": 2
}